"results__id","results__createdAt","results__updatedAt","results__displayName","results__name","results__boundaryId","results__theme__thumb","results__theme__image","results__theme__background","results__data","meta__results","meta__total"
"dc","2018-09-12T21:04:57.220Z","2018-11-09T15:57:34.157Z","Washington D.C.","Washington D.C.","usa-dc-district-of-columbia-state","https://res.cloudinary.com/stae/image/fetch/c_lfill,f_png,h_512,w_640/https://flaglane.com/download/washington-dc-flag/washington-dc-flag-large.png","https://res.cloudinary.com/stae/image/fetch/c_lfill,f_png,h_1024,w_1280/https://flaglane.com/download/washington-dc-flag/washington-dc-flag-large.png","https://res.cloudinary.com/stae/image/fetch/c_lfill,e_saturation:-100,f_png,h_600,w_1360/https://flaglane.com/download/washington-dc-flag/washington-dc-flag-large.png","33018","100","180"
"okc-ok","2019-01-28T19:24:23.945Z","2019-01-29T20:24:00.594Z","Oklahoma City","Oklahoma City, OK","usa-ok-oklahoma-city-city","https://res.cloudinary.com/stae/image/fetch/c_limit,f_png,h_512,w_640/https://i.imgur.com/eh7YyHY.jpg","https://res.cloudinary.com/stae/image/fetch/c_limit,f_png,h_1024,w_1280/https://i.imgur.com/eh7YyHY.jpg","https://res.cloudinary.com/stae/image/fetch/c_limit,e_saturation:-100,f_png,h_600,w_1360/https://i.imgur.com/eh7YyHY.jpg","19638","",""
"chn-az","2019-01-29T04:41:55.291Z","2019-01-29T20:24:01.218Z","Chandler","Chandler, AZ","usa-az-chandler-city","https://res.cloudinary.com/stae/image/fetch/c_limit,f_png,h_512,w_640/https://i.imgur.com/84gKEID.jpg","https://res.cloudinary.com/stae/image/fetch/c_limit,f_png,h_1024,w_1280/https://i.imgur.com/84gKEID.jpg","https://res.cloudinary.com/stae/image/fetch/c_limit,e_saturation:-100,f_png,h_600,w_1360/https://i.imgur.com/84gKEID.jpg","12522","",""
"mar-az","2019-01-29T18:15:07.028Z","2019-01-29T20:24:03.047Z","Maricopa County","Maricopa County, AZ","usa-az-maricopa-county","https://res.cloudinary.com/stae/image/fetch/c_limit,f_png,h_512,w_640/https://i.imgur.com/72qJvGu.jpg","https://res.cloudinary.com/stae/image/fetch/c_limit,f_png,h_1024,w_1280/https://i.imgur.com/72qJvGu.jpg","https://res.cloudinary.com/stae/image/fetch/c_limit,e_saturation:-100,f_png,h_600,w_1360/https://i.imgur.com/72qJvGu.jpg","666785","",""
"pin-az","2019-01-29T18:15:07.040Z","2019-01-29T20:24:03.183Z","Pinal County","Pinal County, AZ","usa-az-pinal-county","https://res.cloudinary.com/stae/image/fetch/c_limit,f_png,h_512,w_640/https://i.imgur.com/r0KSY8b.jpg","https://res.cloudinary.com/stae/image/fetch/c_limit,f_png,h_1024,w_1280/https://i.imgur.com/r0KSY8b.jpg","https://res.cloudinary.com/stae/image/fetch/c_limit,e_saturation:-100,f_png,h_600,w_1360/https://i.imgur.com/r0KSY8b.jpg","33263","",""
"ny","2018-07-26T21:35:02.051Z","2019-01-29T20:23:56.011Z","New York","State of New York","usa-ny-new-york-state","https://res.cloudinary.com/stae/image/fetch/c_limit,f_png,h_512,w_640/https://flaglane.com/download/new-york-flag/new-york-flag-large.png","https://res.cloudinary.com/stae/image/fetch/c_limit,f_png,h_1024,w_1280/https://flaglane.com/download/new-york-flag/new-york-flag-large.png","https://res.cloudinary.com/stae/image/fetch/c_limit,e_saturation:-100,f_png,h_600,w_1360/https://flaglane.com/download/new-york-flag/new-york-flag-large.png","39965620","",""
"shdy-ny","2018-12-12T16:26:12.167Z","2019-01-29T20:23:57.577Z","Schenectady","Schenectady, NY","usa-ny-schenectady-city","https://res.cloudinary.com/stae/image/fetch/c_limit,f_png,h_512,w_640/https://i.imgur.com/e4YvIE6.jpg","https://res.cloudinary.com/stae/image/fetch/c_limit,f_png,h_1024,w_1280/https://i.imgur.com/e4YvIE6.jpg","https://res.cloudinary.com/stae/image/fetch/c_limit,e_saturation:-100,f_png,h_600,w_1360/https://i.imgur.com/e4YvIE6.jpg","717","",""
"nor-ok","2019-01-28T19:24:23.946Z","2019-01-29T20:24:00.415Z","Norman","Norman, OK","usa-ok-norman-city","https://res.cloudinary.com/stae/image/fetch/c_limit,f_png,h_512,w_640/https://i.imgur.com/DZUixL8.jpg","https://res.cloudinary.com/stae/image/fetch/c_limit,f_png,h_1024,w_1280/https://i.imgur.com/DZUixL8.jpg","https://res.cloudinary.com/stae/image/fetch/c_limit,e_saturation:-100,f_png,h_600,w_1360/https://i.imgur.com/DZUixL8.jpg","1476","",""
"sjn-pr","2018-11-10T14:43:34.552Z","2019-01-29T20:24:00.859Z","San Juan","San Juan, PR","usa-pr-san-juan-city","https://res.cloudinary.com/stae/image/fetch/c_limit,f_png,h_512,w_640/https://i.imgur.com/BPp4iko.jpg","https://res.cloudinary.com/stae/image/fetch/c_limit,f_png,h_1024,w_1280/https://i.imgur.com/BPp4iko.jpg","https://res.cloudinary.com/stae/image/fetch/c_limit,e_saturation:-100,f_png,h_600,w_1360/https://i.imgur.com/BPp4iko.jpg","2807","",""
"sct-az","2019-01-29T04:41:55.692Z","2019-01-29T20:24:01.511Z","Scottsdale","Scottsdale, AZ","usa-az-scottsdale-city","https://res.cloudinary.com/stae/image/fetch/c_limit,f_png,h_512,w_640/https://i.imgur.com/8e82cWR.jpg","https://res.cloudinary.com/stae/image/fetch/c_limit,f_png,h_1024,w_1280/https://i.imgur.com/8e82cWR.jpg","https://res.cloudinary.com/stae/image/fetch/c_limit,e_saturation:-100,f_png,h_600,w_1360/https://i.imgur.com/8e82cWR.jpg","56843","",""
"ct","2018-11-10T14:43:34.357Z","2019-01-29T20:23:54.744Z","Connecticut","State of Connecticut","usa-ct-connecticut-state","https://res.cloudinary.com/stae/image/fetch/c_limit,f_png,h_512,w_640/https://flaglane.com/download/connecticut-flag/connecticut-flag-large.png","https://res.cloudinary.com/stae/image/fetch/c_limit,f_png,h_1024,w_1280/https://flaglane.com/download/connecticut-flag/connecticut-flag-large.png","https://res.cloudinary.com/stae/image/fetch/c_limit,e_saturation:-100,f_png,h_600,w_1360/https://flaglane.com/download/connecticut-flag/connecticut-flag-large.png","123177","",""
"tem-az","2019-01-29T04:41:55.337Z","2019-01-29T20:24:01.490Z","Tempe","Tempe, AZ","usa-az-tempe-city","https://res.cloudinary.com/stae/image/fetch/c_limit,f_png,h_512,w_640/https://i.imgur.com/DQHCmEc.jpg","https://res.cloudinary.com/stae/image/fetch/c_limit,f_png,h_1024,w_1280/https://i.imgur.com/DQHCmEc.jpg","https://res.cloudinary.com/stae/image/fetch/c_limit,e_saturation:-100,f_png,h_600,w_1360/https://i.imgur.com/DQHCmEc.jpg","199319","",""
"ia","2018-11-10T14:43:34.372Z","2019-01-29T20:23:55.191Z","Iowa","State of Iowa","usa-ia-iowa-state","https://res.cloudinary.com/stae/image/fetch/c_limit,f_png,h_512,w_640/https://flaglane.com/download/iowa-flag/iowa-flag-large.png","https://res.cloudinary.com/stae/image/fetch/c_limit,f_png,h_1024,w_1280/https://flaglane.com/download/iowa-flag/iowa-flag-large.png","https://res.cloudinary.com/stae/image/fetch/c_limit,e_saturation:-100,f_png,h_600,w_1360/https://flaglane.com/download/iowa-flag/iowa-flag-large.png","68511","",""
"vt","2018-11-10T14:43:34.439Z","2019-01-29T20:23:56.830Z","Vermont","State of Vermont","usa-vt-vermont-state","https://res.cloudinary.com/stae/image/fetch/c_limit,f_png,h_512,w_640/https://flaglane.com/download/vermont-flag/vermont-flag-large.png","https://res.cloudinary.com/stae/image/fetch/c_limit,f_png,h_1024,w_1280/https://flaglane.com/download/vermont-flag/vermont-flag-large.png","https://res.cloudinary.com/stae/image/fetch/c_limit,e_saturation:-100,f_png,h_600,w_1360/https://flaglane.com/download/vermont-flag/vermont-flag-large.png","19303","",""
"gil-az","2019-01-29T04:41:55.691Z","2019-01-29T20:24:01.237Z","Gilbert","Gilbert, AZ","usa-az-gilbert-city","https://res.cloudinary.com/stae/image/fetch/c_limit,f_png,h_512,w_640/https://i.imgur.com/5mjE4w9.jpg","https://res.cloudinary.com/stae/image/fetch/c_limit,f_png,h_1024,w_1280/https://i.imgur.com/5mjE4w9.jpg","https://res.cloudinary.com/stae/image/fetch/c_limit,e_saturation:-100,f_png,h_600,w_1360/https://i.imgur.com/5mjE4w9.jpg","40077","",""
"gdl-az","2019-01-28T19:24:24.353Z","2019-01-29T20:24:02.648Z","Glendale","Glendale, AZ","usa-az-glendale-city","https://res.cloudinary.com/stae/image/fetch/c_limit,f_png,h_512,w_640/https://i.imgur.com/w5A1Mli.jpg","https://res.cloudinary.com/stae/image/fetch/c_limit,f_png,h_1024,w_1280/https://i.imgur.com/w5A1Mli.jpg","https://res.cloudinary.com/stae/image/fetch/c_limit,e_saturation:-100,f_png,h_600,w_1360/https://i.imgur.com/w5A1Mli.jpg","5049","",""
"ak","2018-11-10T14:43:34.338Z","2019-01-29T20:23:54.589Z","Alaska","State of Alaska","usa-ak-alaska-state","https://res.cloudinary.com/stae/image/fetch/c_limit,f_png,h_512,w_640/https://flaglane.com/download/alaska-flag/alaska-flag-large.png","https://res.cloudinary.com/stae/image/fetch/c_limit,f_png,h_1024,w_1280/https://flaglane.com/download/alaska-flag/alaska-flag-large.png","https://res.cloudinary.com/stae/image/fetch/c_limit,e_saturation:-100,f_png,h_600,w_1360/https://flaglane.com/download/alaska-flag/alaska-flag-large.png","135274","",""
"de","2018-11-10T14:43:34.357Z","2019-01-29T20:23:54.773Z","Delaware","State of Delaware","usa-de-delaware-state","https://res.cloudinary.com/stae/image/fetch/c_limit,f_png,h_512,w_640/https://flaglane.com/download/delaware-flag/delaware-flag-large.png","https://res.cloudinary.com/stae/image/fetch/c_limit,f_png,h_1024,w_1280/https://flaglane.com/download/delaware-flag/delaware-flag-large.png","https://res.cloudinary.com/stae/image/fetch/c_limit,e_saturation:-100,f_png,h_600,w_1360/https://flaglane.com/download/delaware-flag/delaware-flag-large.png","29859","",""
"ca","2018-07-26T21:35:01.915Z","2019-01-29T20:23:54.701Z","California","State of California","usa-ca-california-state","https://res.cloudinary.com/stae/image/fetch/c_limit,f_png,h_512,w_640/https://flaglane.com/download/california-flag/california-flag-large.png","https://res.cloudinary.com/stae/image/fetch/c_limit,f_png,h_1024,w_1280/https://flaglane.com/download/california-flag/california-flag-large.png","https://res.cloudinary.com/stae/image/fetch/c_limit,e_saturation:-100,f_png,h_600,w_1360/https://flaglane.com/download/california-flag/california-flag-large.png","7531138","",""
"fl","2018-07-26T21:35:01.798Z","2019-01-29T20:23:54.781Z","Florida","State of Florida","usa-fl-florida-state","https://res.cloudinary.com/stae/image/fetch/c_limit,f_png,h_512,w_640/https://flaglane.com/download/florida-flag/florida-flag-large.png","https://res.cloudinary.com/stae/image/fetch/c_limit,f_png,h_1024,w_1280/https://flaglane.com/download/florida-flag/florida-flag-large.png","https://res.cloudinary.com/stae/image/fetch/c_limit,e_saturation:-100,f_png,h_600,w_1360/https://flaglane.com/download/florida-flag/florida-flag-large.png","4454610","",""
"or","2018-11-10T14:43:34.428Z","2019-01-29T20:23:56.530Z","Oregon","State of Oregon","usa-or-oregon-state","https://res.cloudinary.com/stae/image/fetch/c_limit,f_png,h_512,w_640/https://flaglane.com/download/oregon-flag/oregon-flag-large.png","https://res.cloudinary.com/stae/image/fetch/c_limit,f_png,h_1024,w_1280/https://flaglane.com/download/oregon-flag/oregon-flag-large.png","https://res.cloudinary.com/stae/image/fetch/c_limit,e_saturation:-100,f_png,h_600,w_1360/https://flaglane.com/download/oregon-flag/oregon-flag-large.png","620063","",""
"ut","2018-11-10T14:43:34.439Z","2019-01-29T20:23:56.915Z","Utah","State of Utah","usa-ut-utah-state","https://res.cloudinary.com/stae/image/fetch/c_limit,f_png,h_512,w_640/https://flaglane.com/download/utah-flag/utah-flag-large.png","https://res.cloudinary.com/stae/image/fetch/c_limit,f_png,h_1024,w_1280/https://flaglane.com/download/utah-flag/utah-flag-large.png","https://res.cloudinary.com/stae/image/fetch/c_limit,e_saturation:-100,f_png,h_600,w_1360/https://flaglane.com/download/utah-flag/utah-flag-large.png","516953","",""
"ral-nc","2018-11-10T14:43:34.541Z","2019-01-29T20:24:00.480Z","Raleigh","Raleigh, NC","usa-nc-raleigh-city","https://res.cloudinary.com/stae/image/fetch/c_limit,f_png,h_512,w_640/https://i.imgur.com/6iIT2NT.jpg","https://res.cloudinary.com/stae/image/fetch/c_limit,f_png,h_1024,w_1280/https://i.imgur.com/6iIT2NT.jpg","https://res.cloudinary.com/stae/image/fetch/c_limit,e_saturation:-100,f_png,h_600,w_1360/https://i.imgur.com/6iIT2NT.jpg","16783","",""
"anc-ak","2018-11-10T20:05:48.487Z","2019-01-29T20:24:01.462Z","Anchorage","Anchorage, AK","usa-ak-anchorage-city","https://res.cloudinary.com/stae/image/fetch/c_limit,f_png,h_512,w_640/https://i.imgur.com/eO5Csrr.jpg","https://res.cloudinary.com/stae/image/fetch/c_limit,f_png,h_1024,w_1280/https://i.imgur.com/eO5Csrr.jpg","https://res.cloudinary.com/stae/image/fetch/c_limit,e_saturation:-100,f_png,h_600,w_1360/https://i.imgur.com/eO5Csrr.jpg","7124","",""
"mesa-az","2019-01-29T04:41:56.514Z","2019-01-29T20:24:02.646Z","Mesa","Mesa, AZ","usa-az-mesa-city","https://res.cloudinary.com/stae/image/fetch/c_limit,f_png,h_512,w_640/https://i.imgur.com/HWDyi6B.jpg","https://res.cloudinary.com/stae/image/fetch/c_limit,f_png,h_1024,w_1280/https://i.imgur.com/HWDyi6B.jpg","https://res.cloudinary.com/stae/image/fetch/c_limit,e_saturation:-100,f_png,h_600,w_1360/https://i.imgur.com/HWDyi6B.jpg","296522","",""
"co","2018-07-26T21:35:01.519Z","2019-01-29T20:23:54.738Z","Colorado","State of Colorado","usa-co-colorado-state","https://res.cloudinary.com/stae/image/fetch/c_limit,f_png,h_512,w_640/https://flaglane.com/download/colorado-flag/colorado-flag-large.png","https://res.cloudinary.com/stae/image/fetch/c_limit,f_png,h_1024,w_1280/https://flaglane.com/download/colorado-flag/colorado-flag-large.png","https://res.cloudinary.com/stae/image/fetch/c_limit,e_saturation:-100,f_png,h_600,w_1360/https://flaglane.com/download/colorado-flag/colorado-flag-large.png","188428","",""
"ga","2018-10-12T01:18:01.683Z","2019-01-29T20:23:54.967Z","Georgia","State of Georgia","usa-ga-georgia-state","https://res.cloudinary.com/stae/image/fetch/c_limit,f_png,h_512,w_640/https://flaglane.com/download/georgia-flag/georgia-flag-large.png","https://res.cloudinary.com/stae/image/fetch/c_limit,f_png,h_1024,w_1280/https://flaglane.com/download/georgia-flag/georgia-flag-large.png","https://res.cloudinary.com/stae/image/fetch/c_limit,e_saturation:-100,f_png,h_600,w_1360/https://flaglane.com/download/georgia-flag/georgia-flag-large.png","363163","",""
"hi","2018-11-10T14:43:34.357Z","2019-01-29T20:23:55.028Z","Hawaii","State of Hawaii","usa-hi-hawaii-state","https://res.cloudinary.com/stae/image/fetch/c_limit,f_png,h_512,w_640/https://flaglane.com/download/hawaii-flag/hawaii-flag-large.png","https://res.cloudinary.com/stae/image/fetch/c_limit,f_png,h_1024,w_1280/https://flaglane.com/download/hawaii-flag/hawaii-flag-large.png","https://res.cloudinary.com/stae/image/fetch/c_limit,e_saturation:-100,f_png,h_600,w_1360/https://flaglane.com/download/hawaii-flag/hawaii-flag-large.png","49288","",""
"ok","2018-11-10T14:43:34.415Z","2019-01-29T20:23:56.180Z","Oklahoma","State of Oklahoma","usa-ok-oklahoma-state","https://res.cloudinary.com/stae/image/fetch/c_limit,f_png,h_512,w_640/https://flaglane.com/download/oklahoma-flag/oklahoma-flag-large.png","https://res.cloudinary.com/stae/image/fetch/c_limit,f_png,h_1024,w_1280/https://flaglane.com/download/oklahoma-flag/oklahoma-flag-large.png","https://res.cloudinary.com/stae/image/fetch/c_limit,e_saturation:-100,f_png,h_600,w_1360/https://flaglane.com/download/oklahoma-flag/oklahoma-flag-large.png","101072","",""
"ri","2018-08-31T23:24:57.568Z","2019-01-29T20:23:56.330Z","Rhode Island","State of Rhode Island","usa-ri-rhode-island-state","https://res.cloudinary.com/stae/image/fetch/c_limit,f_png,h_512,w_640/https://flaglane.com/download/rhode-island-flag/rhode-island-flag-large.png","https://res.cloudinary.com/stae/image/fetch/c_limit,f_png,h_1024,w_1280/https://flaglane.com/download/rhode-island-flag/rhode-island-flag-large.png","https://res.cloudinary.com/stae/image/fetch/c_limit,e_saturation:-100,f_png,h_600,w_1360/https://flaglane.com/download/rhode-island-flag/rhode-island-flag-large.png","20046","",""
"boul-co","2018-11-10T20:05:48.541Z","2019-01-29T20:24:01.770Z","Boulder","Boulder, CO","usa-co-boulder-city","https://res.cloudinary.com/stae/image/fetch/c_limit,f_png,h_512,w_640/https://i.imgur.com/cEYhgQK.jpg","https://res.cloudinary.com/stae/image/fetch/c_limit,f_png,h_1024,w_1280/https://i.imgur.com/cEYhgQK.jpg","https://res.cloudinary.com/stae/image/fetch/c_limit,e_saturation:-100,f_png,h_600,w_1360/https://i.imgur.com/cEYhgQK.jpg","4032","",""
"ar","2018-11-10T14:43:34.346Z","2019-01-29T20:23:54.597Z","Arkansas","State of Arkansas","usa-ar-arkansas-state","https://res.cloudinary.com/stae/image/fetch/c_limit,f_png,h_512,w_640/https://flaglane.com/download/arkansas-flag/arkansas-flag-large.png","https://res.cloudinary.com/stae/image/fetch/c_limit,f_png,h_1024,w_1280/https://flaglane.com/download/arkansas-flag/arkansas-flag-large.png","https://res.cloudinary.com/stae/image/fetch/c_limit,e_saturation:-100,f_png,h_600,w_1360/https://flaglane.com/download/arkansas-flag/arkansas-flag-large.png","44731","",""
"id","2018-11-10T14:43:34.371Z","2019-01-29T20:23:55.048Z","Idaho","State of Idaho","usa-id-idaho-state","https://res.cloudinary.com/stae/image/fetch/c_limit,f_png,h_512,w_640/https://flaglane.com/download/idaho-flag/idaho-flag-large.png","https://res.cloudinary.com/stae/image/fetch/c_limit,f_png,h_1024,w_1280/https://flaglane.com/download/idaho-flag/idaho-flag-large.png","https://res.cloudinary.com/stae/image/fetch/c_limit,e_saturation:-100,f_png,h_600,w_1360/https://flaglane.com/download/idaho-flag/idaho-flag-large.png","61597","",""
"ks","2018-11-10T14:43:34.372Z","2019-01-29T20:23:55.332Z","Kansas","State of Kansas","usa-ks-kansas-state","https://res.cloudinary.com/stae/image/fetch/c_limit,f_png,h_512,w_640/https://flaglane.com/download/kansas-flag/kansas-flag-large.png","https://res.cloudinary.com/stae/image/fetch/c_limit,f_png,h_1024,w_1280/https://flaglane.com/download/kansas-flag/kansas-flag-large.png","https://res.cloudinary.com/stae/image/fetch/c_limit,e_saturation:-100,f_png,h_600,w_1360/https://flaglane.com/download/kansas-flag/kansas-flag-large.png","85982","",""
"il","2018-11-10T14:43:34.372Z","2019-01-29T20:23:54.965Z","Illinois","State of Illinois","usa-il-illinois-state","https://res.cloudinary.com/stae/image/fetch/c_limit,f_png,h_512,w_640/https://flaglane.com/download/illinois-flag/illinois-flag-large.png","https://res.cloudinary.com/stae/image/fetch/c_limit,f_png,h_1024,w_1280/https://flaglane.com/download/illinois-flag/illinois-flag-large.png","https://res.cloudinary.com/stae/image/fetch/c_limit,e_saturation:-100,f_png,h_600,w_1360/https://flaglane.com/download/illinois-flag/illinois-flag-large.png","12570948","",""
"md","2018-11-10T14:43:34.381Z","2019-01-29T20:23:55.388Z","Maryland","State of Maryland","usa-md-maryland-state","https://res.cloudinary.com/stae/image/fetch/c_limit,f_png,h_512,w_640/https://flaglane.com/download/maryland-flag/maryland-flag-large.png","https://res.cloudinary.com/stae/image/fetch/c_limit,f_png,h_1024,w_1280/https://flaglane.com/download/maryland-flag/maryland-flag-large.png","https://res.cloudinary.com/stae/image/fetch/c_limit,e_saturation:-100,f_png,h_600,w_1360/https://flaglane.com/download/maryland-flag/maryland-flag-large.png","7830845","",""
"nc","2018-11-10T14:43:34.414Z","2019-01-29T20:23:56.023Z","North Carolina","State of North Carolina","usa-nc-north-carolina-state","https://res.cloudinary.com/stae/image/fetch/c_limit,f_png,h_512,w_640/https://flaglane.com/download/north-carolina-flag/north-carolina-flag-large.png","https://res.cloudinary.com/stae/image/fetch/c_limit,f_png,h_1024,w_1280/https://flaglane.com/download/north-carolina-flag/north-carolina-flag-large.png","https://res.cloudinary.com/stae/image/fetch/c_limit,e_saturation:-100,f_png,h_600,w_1360/https://flaglane.com/download/north-carolina-flag/north-carolina-flag-large.png","690555","",""
"orl-fl","2018-11-10T20:05:48.611Z","2019-01-29T20:24:02.117Z","Orlando","Orlando, FL","usa-fl-orlando-city","https://res.cloudinary.com/stae/image/fetch/c_limit,f_png,h_512,w_640/https://i.imgur.com/4IMdlrV.jpg","https://res.cloudinary.com/stae/image/fetch/c_limit,f_png,h_1024,w_1280/https://i.imgur.com/4IMdlrV.jpg","https://res.cloudinary.com/stae/image/fetch/c_limit,e_saturation:-100,f_png,h_600,w_1360/https://i.imgur.com/4IMdlrV.jpg","21407","",""
"nm","2018-11-10T14:43:34.405Z","2019-01-29T20:23:56.111Z","New Mexico","State of New Mexico","usa-nm-new-mexico-state","https://res.cloudinary.com/stae/image/fetch/c_limit,f_png,h_512,w_640/https://flaglane.com/download/new-mexico-flag/new-mexico-flag-large.png","https://res.cloudinary.com/stae/image/fetch/c_limit,f_png,h_1024,w_1280/https://flaglane.com/download/new-mexico-flag/new-mexico-flag-large.png","https://res.cloudinary.com/stae/image/fetch/c_limit,e_saturation:-100,f_png,h_600,w_1360/https://flaglane.com/download/new-mexico-flag/new-mexico-flag-large.png","93684","",""
"bra","2018-11-10T14:43:34.584Z","2019-01-29T20:24:03.448Z","Brazil","Brazil","bra","https://res.cloudinary.com/stae/image/fetch/c_limit,f_png,h_512,w_640/https://flaglane.com/download/brazilian-flag/brazilian-flag-large.png","https://res.cloudinary.com/stae/image/fetch/c_limit,f_png,h_1024,w_1280/https://flaglane.com/download/brazilian-flag/brazilian-flag-large.png","https://res.cloudinary.com/stae/image/fetch/c_limit,e_saturation:-100,f_png,h_600,w_1360/https://flaglane.com/download/brazilian-flag/brazilian-flag-large.png","47294","",""
"al","2018-11-10T14:43:34.321Z","2019-01-29T20:23:54.575Z","Alabama","State of Alabama","usa-al-alabama-state","https://res.cloudinary.com/stae/image/fetch/c_limit,f_png,h_512,w_640/https://flaglane.com/download/alabama-flag/alabama-flag-large.png","https://res.cloudinary.com/stae/image/fetch/c_limit,f_png,h_1024,w_1280/https://flaglane.com/download/alabama-flag/alabama-flag-large.png","https://res.cloudinary.com/stae/image/fetch/c_limit,e_saturation:-100,f_png,h_600,w_1360/https://flaglane.com/download/alabama-flag/alabama-flag-large.png","85451","",""
"in","2018-11-10T14:43:34.372Z","2019-01-29T20:23:54.975Z","Indiana","State of Indiana","usa-in-indiana-state","https://res.cloudinary.com/stae/image/fetch/c_limit,f_png,h_512,w_640/https://flaglane.com/download/indiana-flag/indiana-flag-large.png","https://res.cloudinary.com/stae/image/fetch/c_limit,f_png,h_1024,w_1280/https://flaglane.com/download/indiana-flag/indiana-flag-large.png","https://res.cloudinary.com/stae/image/fetch/c_limit,e_saturation:-100,f_png,h_600,w_1360/https://flaglane.com/download/indiana-flag/indiana-flag-large.png","178918","",""
"la","2018-11-10T14:43:34.381Z","2019-01-29T20:23:55.328Z","Louisiana","State of Louisiana","usa-la-louisiana-state","https://res.cloudinary.com/stae/image/fetch/c_limit,f_png,h_512,w_640/https://flaglane.com/download/louisiana-flag/louisiana-flag-large.png","https://res.cloudinary.com/stae/image/fetch/c_limit,f_png,h_1024,w_1280/https://flaglane.com/download/louisiana-flag/louisiana-flag-large.png","https://res.cloudinary.com/stae/image/fetch/c_limit,e_saturation:-100,f_png,h_600,w_1360/https://flaglane.com/download/louisiana-flag/louisiana-flag-large.png","104133","",""
"tn","2018-11-10T14:43:34.439Z","2019-01-29T20:23:56.530Z","Tennessee","State of Tennessee","usa-tn-tennessee-state","https://res.cloudinary.com/stae/image/fetch/c_limit,f_png,h_512,w_640/https://flaglane.com/download/tennessee-flag/tennessee-flag-large.png","https://res.cloudinary.com/stae/image/fetch/c_limit,f_png,h_1024,w_1280/https://flaglane.com/download/tennessee-flag/tennessee-flag-large.png","https://res.cloudinary.com/stae/image/fetch/c_limit,e_saturation:-100,f_png,h_600,w_1360/https://flaglane.com/download/tennessee-flag/tennessee-flag-large.png","164283","",""
"zaf","2018-11-28T23:54:22.919Z","2019-01-29T20:24:03.387Z","South Africa","South Africa","zaf","https://res.cloudinary.com/stae/image/fetch/c_limit,f_png,h_512,w_640/https://flaglane.com/download/south-african-flag/south-african-flag-large.png","https://res.cloudinary.com/stae/image/fetch/c_limit,f_png,h_1024,w_1280/https://flaglane.com/download/south-african-flag/south-african-flag-large.png","https://res.cloudinary.com/stae/image/fetch/c_limit,e_saturation:-100,f_png,h_600,w_1360/https://flaglane.com/download/south-african-flag/south-african-flag-large.png","621","",""
"ky","2018-11-10T14:43:34.380Z","2019-01-29T20:23:55.218Z","Kentucky","State of Kentucky","usa-ky-kentucky-state","https://res.cloudinary.com/stae/image/fetch/c_limit,f_png,h_512,w_640/https://flaglane.com/download/kentucky-flag/kentucky-flag-large.png","https://res.cloudinary.com/stae/image/fetch/c_limit,f_png,h_1024,w_1280/https://flaglane.com/download/kentucky-flag/kentucky-flag-large.png","https://res.cloudinary.com/stae/image/fetch/c_limit,e_saturation:-100,f_png,h_600,w_1360/https://flaglane.com/download/kentucky-flag/kentucky-flag-large.png","2036865","",""
"ms","2018-11-10T14:43:34.393Z","2019-01-29T20:23:55.733Z","Mississippi","State of Mississippi","usa-ms-mississippi-state","https://res.cloudinary.com/stae/image/fetch/c_limit,f_png,h_512,w_640/https://flaglane.com/download/mississippi-flag/mississippi-flag-large.png","https://res.cloudinary.com/stae/image/fetch/c_limit,f_png,h_1024,w_1280/https://flaglane.com/download/mississippi-flag/mississippi-flag-large.png","https://res.cloudinary.com/stae/image/fetch/c_limit,e_saturation:-100,f_png,h_600,w_1360/https://flaglane.com/download/mississippi-flag/mississippi-flag-large.png","53349","",""
"nv","2018-11-10T14:43:34.404Z","2019-01-29T20:23:55.834Z","Nevada","State of Nevada","usa-nv-nevada-state","https://res.cloudinary.com/stae/image/fetch/c_limit,f_png,h_512,w_640/https://flaglane.com/download/nevada-flag/nevada-flag-large.png","https://res.cloudinary.com/stae/image/fetch/c_limit,f_png,h_1024,w_1280/https://flaglane.com/download/nevada-flag/nevada-flag-large.png","https://res.cloudinary.com/stae/image/fetch/c_limit,e_saturation:-100,f_png,h_600,w_1360/https://flaglane.com/download/nevada-flag/nevada-flag-large.png","111666","",""
"me","2018-11-10T14:43:34.381Z","2019-01-29T20:23:55.368Z","Maine","State of Maine","usa-me-maine-state","https://res.cloudinary.com/stae/image/fetch/c_limit,f_png,h_512,w_640/https://flaglane.com/download/maine-flag/maine-flag-large.png","https://res.cloudinary.com/stae/image/fetch/c_limit,f_png,h_1024,w_1280/https://flaglane.com/download/maine-flag/maine-flag-large.png","https://res.cloudinary.com/stae/image/fetch/c_limit,e_saturation:-100,f_png,h_600,w_1360/https://flaglane.com/download/maine-flag/maine-flag-large.png","37300","",""
"ne","2018-11-10T14:43:34.404Z","2019-01-29T20:23:55.821Z","Nebraska","State of Nebraska","usa-ne-nebraska-state","https://res.cloudinary.com/stae/image/fetch/c_limit,f_png,h_512,w_640/https://flaglane.com/download/nebraska-flag/nebraska-flag-large.png","https://res.cloudinary.com/stae/image/fetch/c_limit,f_png,h_1024,w_1280/https://flaglane.com/download/nebraska-flag/nebraska-flag-large.png","https://res.cloudinary.com/stae/image/fetch/c_limit,e_saturation:-100,f_png,h_600,w_1360/https://flaglane.com/download/nebraska-flag/nebraska-flag-large.png","49249","",""
"wa","2018-11-10T14:43:34.448Z","2019-01-29T20:23:56.754Z","Washington","State of Washington","usa-wa-washington-state","https://res.cloudinary.com/stae/image/fetch/c_limit,f_png,h_512,w_640/https://flaglane.com/download/washington-flag/washington-flag-large.png","https://res.cloudinary.com/stae/image/fetch/c_limit,f_png,h_1024,w_1280/https://flaglane.com/download/washington-flag/washington-flag-large.png","https://res.cloudinary.com/stae/image/fetch/c_limit,e_saturation:-100,f_png,h_600,w_1360/https://flaglane.com/download/washington-flag/washington-flag-large.png","3268035","",""
"lou-ky","2018-07-26T21:35:01.519Z","2019-01-29T20:23:58.406Z","Louisville","Louisville, KY","usa-ky-louisville-city","https://res.cloudinary.com/stae/image/fetch/c_limit,f_png,h_512,w_640/https://i.imgur.com/Z7gMZKt.png","https://res.cloudinary.com/stae/image/fetch/c_limit,f_png,h_1024,w_1280/https://i.imgur.com/Z7gMZKt.png","https://res.cloudinary.com/stae/image/fetch/c_limit,e_saturation:-100,f_png,h_600,w_1360/https://i.imgur.com/Z7gMZKt.png","1963586","",""
"az","2018-07-26T21:35:01.651Z","2019-01-29T20:23:54.592Z","Arizona","State of Arizona","usa-az-arizona-state","https://res.cloudinary.com/stae/image/fetch/c_limit,f_png,h_512,w_640/https://flaglane.com/download/arizona-flag/arizona-flag-large.png","https://res.cloudinary.com/stae/image/fetch/c_limit,f_png,h_1024,w_1280/https://flaglane.com/download/arizona-flag/arizona-flag-large.png","https://res.cloudinary.com/stae/image/fetch/c_limit,e_saturation:-100,f_png,h_600,w_1360/https://flaglane.com/download/arizona-flag/arizona-flag-large.png","844663","",""
"port-or","2018-07-26T21:35:01.520Z","2019-01-29T20:23:57.149Z","Portland","Portland, OR","usa-or-portland-city","https://res.cloudinary.com/stae/image/fetch/c_limit,f_png,h_512,w_640/https://i.imgur.com/COoaOnl.jpg","https://res.cloudinary.com/stae/image/fetch/c_limit,f_png,h_1024,w_1280/https://i.imgur.com/COoaOnl.jpg","https://res.cloudinary.com/stae/image/fetch/c_limit,e_saturation:-100,f_png,h_600,w_1360/https://i.imgur.com/COoaOnl.jpg","541291","",""
"bing-ny","2018-12-12T16:26:12.154Z","2019-01-29T20:23:57.689Z","Binghamton","Binghamton, NY","usa-ny-binghamton-city","https://res.cloudinary.com/stae/image/fetch/c_limit,f_png,h_512,w_640/https://i.imgur.com/Mx55wHw.jpg","https://res.cloudinary.com/stae/image/fetch/c_limit,f_png,h_1024,w_1280/https://i.imgur.com/Mx55wHw.jpg","https://res.cloudinary.com/stae/image/fetch/c_limit,e_saturation:-100,f_png,h_600,w_1360/https://i.imgur.com/Mx55wHw.jpg","746","",""
"cal-ca","2018-11-26T23:01:35.092Z","2019-01-29T20:24:02.446Z","Calgary","Calgary, AB","can-ab-calgary-city","https://res.cloudinary.com/stae/image/fetch/c_limit,f_png,h_512,w_640/https://i.imgur.com/s8aZvqb.jpg","https://res.cloudinary.com/stae/image/fetch/c_limit,f_png,h_1024,w_1280/https://i.imgur.com/s8aZvqb.jpg","https://res.cloudinary.com/stae/image/fetch/c_limit,e_saturation:-100,f_png,h_600,w_1360/https://i.imgur.com/s8aZvqb.jpg","13283","",""
"alny-pa","2019-01-22T20:15:35.848Z","2019-01-29T20:24:02.835Z","Allegheny County","Allegheny County, PA","usa-pa-allegheny-county","https://res.cloudinary.com/stae/image/fetch/c_limit,f_png,h_512,w_640/https://media1.fdncms.com/pittsburgh/imager/u/original/1946465/seal_of_allegheny_county_pennsylvania.svg.png","https://res.cloudinary.com/stae/image/fetch/c_limit,f_png,h_1024,w_1280/https://media1.fdncms.com/pittsburgh/imager/u/original/1946465/seal_of_allegheny_county_pennsylvania.svg.png","https://res.cloudinary.com/stae/image/fetch/c_limit,e_saturation:-100,f_png,h_600,w_1360/https://media1.fdncms.com/pittsburgh/imager/u/original/1946465/seal_of_allegheny_county_pennsylvania.svg.png","495626","",""
"chi-il","2018-07-26T21:35:01.546Z","2019-01-29T20:23:57.377Z","Chicago","Chicago, IL","usa-il-chicago-city","https://res.cloudinary.com/stae/image/fetch/c_limit,f_png,h_512,w_640/https://i.imgur.com/6WpY3vy.jpg","https://res.cloudinary.com/stae/image/fetch/c_limit,f_png,h_1024,w_1280/https://i.imgur.com/6WpY3vy.jpg","https://res.cloudinary.com/stae/image/fetch/c_limit,e_saturation:-100,f_png,h_600,w_1360/https://i.imgur.com/6WpY3vy.jpg","12337415","",""
"roch-ny","2018-12-12T16:26:12.163Z","2019-01-29T20:23:57.601Z","Rochester","Rochester, NY","usa-ny-rochester-city","https://res.cloudinary.com/stae/image/fetch/c_limit,f_png,h_512,w_640/https://imgur.com/cTyGlVp.jpg","https://res.cloudinary.com/stae/image/fetch/c_limit,f_png,h_1024,w_1280/https://imgur.com/cTyGlVp.jpg","https://res.cloudinary.com/stae/image/fetch/c_limit,e_saturation:-100,f_png,h_600,w_1360/https://imgur.com/cTyGlVp.jpg","2953","",""
"car-nc","2018-11-10T14:43:34.533Z","2019-01-29T20:23:59.927Z","Cary","Cary, NC","usa-nc-cary-city","https://res.cloudinary.com/stae/image/fetch/c_limit,f_png,h_512,w_640/https://i.imgur.com/Z1WPDGb.jpg","https://res.cloudinary.com/stae/image/fetch/c_limit,f_png,h_1024,w_1280/https://i.imgur.com/Z1WPDGb.jpg","https://res.cloudinary.com/stae/image/fetch/c_limit,e_saturation:-100,f_png,h_600,w_1360/https://i.imgur.com/Z1WPDGb.jpg","1786","",""
"mn","2018-11-10T14:43:34.393Z","2019-01-29T20:23:55.617Z","Minnesota","State of Minnesota","usa-mn-minnesota-state","https://res.cloudinary.com/stae/image/fetch/c_limit,f_png,h_512,w_640/https://flaglane.com/download/minnesota-flag/minnesota-flag-large.png","https://res.cloudinary.com/stae/image/fetch/c_limit,f_png,h_1024,w_1280/https://flaglane.com/download/minnesota-flag/minnesota-flag-large.png","https://res.cloudinary.com/stae/image/fetch/c_limit,e_saturation:-100,f_png,h_600,w_1360/https://flaglane.com/download/minnesota-flag/minnesota-flag-large.png","111064","",""
"oh","2018-11-10T14:43:34.415Z","2019-01-29T20:23:56.170Z","Ohio","State of Ohio","usa-oh-ohio-state","https://res.cloudinary.com/stae/image/fetch/c_limit,f_png,h_512,w_640/https://flaglane.com/download/ohio-flag/ohio-flag-large.png","https://res.cloudinary.com/stae/image/fetch/c_limit,f_png,h_1024,w_1280/https://flaglane.com/download/ohio-flag/ohio-flag-large.png","https://res.cloudinary.com/stae/image/fetch/c_limit,e_saturation:-100,f_png,h_600,w_1360/https://flaglane.com/download/ohio-flag/ohio-flag-large.png","415859","",""
"nj","2018-07-26T21:35:01.854Z","2019-01-29T20:23:56.087Z","New Jersey","State of New Jersey","usa-nj-new-jersey-state","https://res.cloudinary.com/stae/image/fetch/c_limit,f_png,h_512,w_640/https://flaglane.com/download/new-jersey-flag/new-jersey-flag-large.png","https://res.cloudinary.com/stae/image/fetch/c_limit,f_png,h_1024,w_1280/https://flaglane.com/download/new-jersey-flag/new-jersey-flag-large.png","https://res.cloudinary.com/stae/image/fetch/c_limit,e_saturation:-100,f_png,h_600,w_1360/https://flaglane.com/download/new-jersey-flag/new-jersey-flag-large.png","688994","",""
"ma","2018-11-10T14:43:34.381Z","2019-01-29T20:23:55.399Z","Massachusetts","State of Massachusetts","usa-ma-massachusetts-state","https://res.cloudinary.com/stae/image/fetch/c_limit,f_png,h_512,w_640/https://flaglane.com/download/massachusetts-flag/massachusetts-flag-large.png","https://res.cloudinary.com/stae/image/fetch/c_limit,f_png,h_1024,w_1280/https://flaglane.com/download/massachusetts-flag/massachusetts-flag-large.png","https://res.cloudinary.com/stae/image/fetch/c_limit,e_saturation:-100,f_png,h_600,w_1360/https://flaglane.com/download/massachusetts-flag/massachusetts-flag-large.png","222573","",""
"pa","2018-07-26T21:35:01.582Z","2019-01-29T20:23:56.530Z","Pennsylvania","State of Pennsylvania","usa-pa-pennsylvania-state","https://res.cloudinary.com/stae/image/fetch/c_limit,f_png,h_512,w_640/https://flaglane.com/download/pennsylvania-flag/pennsylvania-flag-large.png","https://res.cloudinary.com/stae/image/fetch/c_limit,f_png,h_1024,w_1280/https://flaglane.com/download/pennsylvania-flag/pennsylvania-flag-large.png","https://res.cloudinary.com/stae/image/fetch/c_limit,e_saturation:-100,f_png,h_600,w_1360/https://flaglane.com/download/pennsylvania-flag/pennsylvania-flag-large.png","779043","",""
"jers-nj","2018-07-26T21:35:01.519Z","2019-01-29T20:23:57.279Z","Jersey City","Jersey City, NJ","usa-nj-jersey-city-city","https://res.cloudinary.com/stae/image/fetch/c_limit,f_png,h_512,w_640/https://i.imgur.com/W3gTsug.jpg","https://res.cloudinary.com/stae/image/fetch/c_limit,f_png,h_1024,w_1280/https://i.imgur.com/W3gTsug.jpg","https://res.cloudinary.com/stae/image/fetch/c_limit,e_saturation:-100,f_png,h_600,w_1360/https://i.imgur.com/W3gTsug.jpg","276456","",""
"bbg-va","2018-11-10T14:43:34.561Z","2019-01-29T20:24:01.208Z","Blacksburg","Blacksburg, VA","usa-va-blacksburg-city","https://res.cloudinary.com/stae/image/fetch/c_limit,f_png,h_512,w_640/https://i.imgur.com/FkYS3Sf.jpg","https://res.cloudinary.com/stae/image/fetch/c_limit,f_png,h_1024,w_1280/https://i.imgur.com/FkYS3Sf.jpg","https://res.cloudinary.com/stae/image/fetch/c_limit,e_saturation:-100,f_png,h_600,w_1360/https://i.imgur.com/FkYS3Sf.jpg","727","",""
"mi","2018-11-10T14:43:34.393Z","2019-01-29T20:23:55.682Z","Michigan","State of Michigan","usa-mi-michigan-state","https://res.cloudinary.com/stae/image/fetch/c_limit,f_png,h_512,w_640/https://flaglane.com/download/michigan-flag/michigan-flag-large.png","https://res.cloudinary.com/stae/image/fetch/c_limit,f_png,h_1024,w_1280/https://flaglane.com/download/michigan-flag/michigan-flag-large.png","https://res.cloudinary.com/stae/image/fetch/c_limit,e_saturation:-100,f_png,h_600,w_1360/https://flaglane.com/download/michigan-flag/michigan-flag-large.png","532019","",""
"sc","2018-11-10T14:43:34.428Z","2019-01-29T20:23:56.527Z","South Carolina","State of South Carolina","usa-sc-south-carolina-state","https://res.cloudinary.com/stae/image/fetch/c_limit,f_png,h_512,w_640/https://flaglane.com/download/south-carolina-flag/south-carolina-flag-large.png","https://res.cloudinary.com/stae/image/fetch/c_limit,f_png,h_1024,w_1280/https://flaglane.com/download/south-carolina-flag/south-carolina-flag-large.png","https://res.cloudinary.com/stae/image/fetch/c_limit,e_saturation:-100,f_png,h_600,w_1360/https://flaglane.com/download/south-carolina-flag/south-carolina-flag-large.png","186579","",""
"sd","2018-11-10T14:43:34.428Z","2019-01-29T20:23:56.530Z","South Dakota","State of South Dakota","usa-sd-south-dakota-state","https://res.cloudinary.com/stae/image/fetch/c_limit,f_png,h_512,w_640/https://flaglane.com/download/south-dakota-flag/south-dakota-flag-large.png","https://res.cloudinary.com/stae/image/fetch/c_limit,f_png,h_1024,w_1280/https://flaglane.com/download/south-dakota-flag/south-dakota-flag-large.png","https://res.cloudinary.com/stae/image/fetch/c_limit,e_saturation:-100,f_png,h_600,w_1360/https://flaglane.com/download/south-dakota-flag/south-dakota-flag-large.png","19588","",""
"cog-fl","2018-07-26T21:35:01.512Z","2019-01-29T20:23:58.264Z","Coral Gables","Coral Gables, FL","usa-fl-coral-gables-city","https://res.cloudinary.com/stae/image/fetch/c_limit,f_png,h_512,w_640/https://i.imgur.com/SHupnCg.jpg","https://res.cloudinary.com/stae/image/fetch/c_limit,f_png,h_1024,w_1280/https://i.imgur.com/SHupnCg.jpg","https://res.cloudinary.com/stae/image/fetch/c_limit,e_saturation:-100,f_png,h_600,w_1360/https://i.imgur.com/SHupnCg.jpg","56699","",""
"pro-ri","2018-08-31T23:24:57.528Z","2019-01-29T20:23:58.701Z","Providence","Providence, RI","usa-ri-providence-city","https://res.cloudinary.com/stae/image/fetch/c_limit,f_png,h_512,w_640/https://i.imgur.com/K9XTznM.jpg","https://res.cloudinary.com/stae/image/fetch/c_limit,f_png,h_1024,w_1280/https://i.imgur.com/K9XTznM.jpg","https://res.cloudinary.com/stae/image/fetch/c_limit,e_saturation:-100,f_png,h_600,w_1360/https://i.imgur.com/K9XTznM.jpg","5162","",""
"kas-ks","2018-11-10T14:43:34.504Z","2019-01-29T20:23:59.226Z","Kansas City","Kansas City, KS","usa-ks-kansas-city-city","https://res.cloudinary.com/stae/image/fetch/c_limit,f_png,h_512,w_640/https://i.imgur.com/NmaBxKb.jpg","https://res.cloudinary.com/stae/image/fetch/c_limit,f_png,h_1024,w_1280/https://i.imgur.com/NmaBxKb.jpg","https://res.cloudinary.com/stae/image/fetch/c_limit,e_saturation:-100,f_png,h_600,w_1360/https://i.imgur.com/NmaBxKb.jpg","6930","",""
"tor-ca","2018-11-15T03:53:06.026Z","2019-01-29T20:24:02.267Z","Toronto","Toronto, ON","can-on-toronto-city","https://res.cloudinary.com/stae/image/fetch/c_limit,f_png,h_512,w_640/https://i.imgur.com/VAjZHTy.jpg","https://res.cloudinary.com/stae/image/fetch/c_limit,f_png,h_1024,w_1280/https://i.imgur.com/VAjZHTy.jpg","https://res.cloudinary.com/stae/image/fetch/c_limit,e_saturation:-100,f_png,h_600,w_1360/https://i.imgur.com/VAjZHTy.jpg","86887","",""
"mo","2018-11-10T14:43:34.393Z","2019-01-29T20:23:55.586Z","Missouri","State of Missouri","usa-mo-missouri-state","https://res.cloudinary.com/stae/image/fetch/c_limit,f_png,h_512,w_640/https://flaglane.com/download/missouri-flag/missouri-flag-large.png","https://res.cloudinary.com/stae/image/fetch/c_limit,f_png,h_1024,w_1280/https://flaglane.com/download/missouri-flag/missouri-flag-large.png","https://res.cloudinary.com/stae/image/fetch/c_limit,e_saturation:-100,f_png,h_600,w_1360/https://flaglane.com/download/missouri-flag/missouri-flag-large.png","191296","",""
"col-oh","2018-07-26T21:35:01.520Z","2019-01-29T20:23:57.277Z","Columbus","Columbus, OH","usa-oh-columbus-city","https://res.cloudinary.com/stae/image/fetch/c_limit,f_png,h_512,w_640/https://i.imgur.com/kIgRYg7.jpg","https://res.cloudinary.com/stae/image/fetch/c_limit,f_png,h_1024,w_1280/https://i.imgur.com/kIgRYg7.jpg","https://res.cloudinary.com/stae/image/fetch/c_limit,e_saturation:-100,f_png,h_600,w_1360/https://i.imgur.com/kIgRYg7.jpg","30197","",""
"sat-tx","2018-11-06T21:59:59.888Z","2019-01-29T20:23:58.929Z","San Antonio","San Antonio, TX","usa-tx-san-antonio-city","https://res.cloudinary.com/stae/image/fetch/c_limit,f_png,h_512,w_640/https://i.imgur.com/qnihJLF.jpg","https://res.cloudinary.com/stae/image/fetch/c_limit,f_png,h_1024,w_1280/https://i.imgur.com/qnihJLF.jpg","https://res.cloudinary.com/stae/image/fetch/c_limit,e_saturation:-100,f_png,h_600,w_1360/https://i.imgur.com/qnihJLF.jpg","32109","",""
"lex-ky","2018-11-10T14:43:34.512Z","2019-01-29T20:23:59.381Z","Lexington","Lexington, KY","usa-ky-lexington-fayette-city","https://res.cloudinary.com/stae/image/fetch/c_limit,f_png,h_512,w_640/https://i.imgur.com/wQuZzeh.jpg","https://res.cloudinary.com/stae/image/fetch/c_limit,f_png,h_1024,w_1280/https://i.imgur.com/wQuZzeh.jpg","https://res.cloudinary.com/stae/image/fetch/c_limit,e_saturation:-100,f_png,h_600,w_1360/https://i.imgur.com/wQuZzeh.jpg","5160","",""
"bos-ma","2018-11-10T14:43:34.512Z","2019-01-29T20:23:59.673Z","Boston","Boston, MA","usa-ma-boston-city","https://res.cloudinary.com/stae/image/fetch/c_limit,f_png,h_512,w_640/https://i.imgur.com/3rbAT3c.jpg","https://res.cloudinary.com/stae/image/fetch/c_limit,f_png,h_1024,w_1280/https://i.imgur.com/3rbAT3c.jpg","https://res.cloudinary.com/stae/image/fetch/c_limit,e_saturation:-100,f_png,h_600,w_1360/https://i.imgur.com/3rbAT3c.jpg","21645","",""
"tol-oh","2018-11-10T14:43:34.541Z","2019-01-29T20:24:00.570Z","Toledo","Toledo, OH","usa-oh-toledo-city","https://res.cloudinary.com/stae/image/fetch/c_limit,f_png,h_512,w_640/https://i.imgur.com/OpDhxrY.jpg","https://res.cloudinary.com/stae/image/fetch/c_limit,f_png,h_1024,w_1280/https://i.imgur.com/OpDhxrY.jpg","https://res.cloudinary.com/stae/image/fetch/c_limit,e_saturation:-100,f_png,h_600,w_1360/https://i.imgur.com/OpDhxrY.jpg","17091","",""
"mt","2018-11-10T14:43:34.393Z","2019-01-29T20:23:55.599Z","Montana","State of Montana","usa-mt-montana-state","https://res.cloudinary.com/stae/image/fetch/c_limit,f_png,h_512,w_640/https://flaglane.com/download/montana-flag/montana-flag-large.png","https://res.cloudinary.com/stae/image/fetch/c_limit,f_png,h_1024,w_1280/https://flaglane.com/download/montana-flag/montana-flag-large.png","https://res.cloudinary.com/stae/image/fetch/c_limit,e_saturation:-100,f_png,h_600,w_1360/https://flaglane.com/download/montana-flag/montana-flag-large.png","51035","",""
"sob-in","2018-11-10T14:43:34.503Z","2019-01-29T20:23:59.079Z","South Bend","South Bend, IN","usa-in-south-bend-city","https://res.cloudinary.com/stae/image/fetch/c_limit,f_png,h_512,w_640/https://i.imgur.com/Wl90NPd.jpg","https://res.cloudinary.com/stae/image/fetch/c_limit,f_png,h_1024,w_1280/https://i.imgur.com/Wl90NPd.jpg","https://res.cloudinary.com/stae/image/fetch/c_limit,e_saturation:-100,f_png,h_600,w_1360/https://i.imgur.com/Wl90NPd.jpg","2194","",""
"blo-in","2018-11-10T14:43:34.503Z","2019-01-29T20:23:59.338Z","Bloomington","Bloomington, IN","usa-in-bloomington-city","https://res.cloudinary.com/stae/image/fetch/c_limit,f_png,h_512,w_640/https://i.imgur.com/BYL23pn.jpg","https://res.cloudinary.com/stae/image/fetch/c_limit,f_png,h_1024,w_1280/https://i.imgur.com/BYL23pn.jpg","https://res.cloudinary.com/stae/image/fetch/c_limit,e_saturation:-100,f_png,h_600,w_1360/https://i.imgur.com/BYL23pn.jpg","1863","",""
"nh","2018-11-10T14:43:34.404Z","2019-01-29T20:23:55.907Z","New Hampshire","State of New Hampshire","usa-nh-new-hampshire-state","https://res.cloudinary.com/stae/image/fetch/c_limit,f_png,h_512,w_640/https://flaglane.com/download/new-hampshire-flag/new-hampshire-flag-large.png","https://res.cloudinary.com/stae/image/fetch/c_limit,f_png,h_1024,w_1280/https://flaglane.com/download/new-hampshire-flag/new-hampshire-flag-large.png","https://res.cloudinary.com/stae/image/fetch/c_limit,e_saturation:-100,f_png,h_600,w_1360/https://flaglane.com/download/new-hampshire-flag/new-hampshire-flag-large.png","29183","",""
"nol-la","2018-11-10T14:43:34.512Z","2019-01-29T20:23:59.413Z","New Orleans","New Orleans, LA","usa-la-new-orleans-city","https://res.cloudinary.com/stae/image/fetch/c_limit,f_png,h_512,w_640/https://i.imgur.com/KbaqLwx.jpg","https://res.cloudinary.com/stae/image/fetch/c_limit,f_png,h_1024,w_1280/https://i.imgur.com/KbaqLwx.jpg","https://res.cloudinary.com/stae/image/fetch/c_limit,e_saturation:-100,f_png,h_600,w_1360/https://i.imgur.com/KbaqLwx.jpg","10248","",""
"iow-ia","2018-11-10T14:43:34.503Z","2019-01-29T20:23:59.360Z","Iowa City","Iowa City, IA","usa-ia-iowa-city-city","https://res.cloudinary.com/stae/image/fetch/c_limit,f_png,h_512,w_640/https://i.imgur.com/Hu5W0LA.jpg","https://res.cloudinary.com/stae/image/fetch/c_limit,f_png,h_1024,w_1280/https://i.imgur.com/Hu5W0LA.jpg","https://res.cloudinary.com/stae/image/fetch/c_limit,e_saturation:-100,f_png,h_600,w_1360/https://i.imgur.com/Hu5W0LA.jpg","1884","",""
"aus-tx","2018-11-10T14:43:34.560Z","2019-01-29T20:24:00.779Z","Austin","Austin, TX","usa-tx-austin-city","https://res.cloudinary.com/stae/image/fetch/c_limit,f_png,h_512,w_640/https://i.imgur.com/3iY9Dwy.jpg","https://res.cloudinary.com/stae/image/fetch/c_limit,f_png,h_1024,w_1280/https://i.imgur.com/3iY9Dwy.jpg","https://res.cloudinary.com/stae/image/fetch/c_limit,e_saturation:-100,f_png,h_600,w_1360/https://i.imgur.com/3iY9Dwy.jpg","37937","",""
"lon-ca","2018-11-26T23:01:35.084Z","2019-01-29T20:24:02.532Z","London","London, ON","can-on-london-city","https://res.cloudinary.com/stae/image/fetch/c_limit,f_png,h_512,w_640/https://i.imgur.com/iCd7Ysp.jpg","https://res.cloudinary.com/stae/image/fetch/c_limit,f_png,h_1024,w_1280/https://i.imgur.com/iCd7Ysp.jpg","https://res.cloudinary.com/stae/image/fetch/c_limit,e_saturation:-100,f_png,h_600,w_1360/https://i.imgur.com/iCd7Ysp.jpg","13605","",""
"nd","2018-11-10T14:43:34.414Z","2019-01-29T20:23:56.198Z","North Dakota","State of North Dakota","usa-nd-north-dakota-state","https://res.cloudinary.com/stae/image/fetch/c_limit,f_png,h_512,w_640/https://flaglane.com/download/north-dakota-flag/north-dakota-flag-large.png","https://res.cloudinary.com/stae/image/fetch/c_limit,f_png,h_1024,w_1280/https://flaglane.com/download/north-dakota-flag/north-dakota-flag-large.png","https://res.cloudinary.com/stae/image/fetch/c_limit,e_saturation:-100,f_png,h_600,w_1360/https://flaglane.com/download/north-dakota-flag/north-dakota-flag-large.png","6669","",""
"kas-mo","2018-11-10T14:43:34.512Z","2019-01-29T20:23:59.244Z","Kansas City","Kansas City, MO","usa-mo-kansas-city-city","https://res.cloudinary.com/stae/image/fetch/c_limit,f_png,h_512,w_640/https://i.imgur.com/NmaBxKb.jpg","https://res.cloudinary.com/stae/image/fetch/c_limit,f_png,h_1024,w_1280/https://i.imgur.com/NmaBxKb.jpg","https://res.cloudinary.com/stae/image/fetch/c_limit,e_saturation:-100,f_png,h_600,w_1360/https://i.imgur.com/NmaBxKb.jpg","68890","",""
"min-mn","2018-11-15T03:53:05.756Z","2019-01-29T20:23:59.626Z","Minneapolis","Minneapolis, MN","usa-mn-minneapolis-city","https://res.cloudinary.com/stae/image/fetch/c_limit,f_png,h_512,w_640/https://i.imgur.com/GVTXFoo.jpg","https://res.cloudinary.com/stae/image/fetch/c_limit,f_png,h_1024,w_1280/https://i.imgur.com/GVTXFoo.jpg","https://res.cloudinary.com/stae/image/fetch/c_limit,e_saturation:-100,f_png,h_600,w_1360/https://i.imgur.com/GVTXFoo.jpg","22351","",""
"sav-ga","2018-11-10T20:05:48.621Z","2019-01-29T20:24:02.265Z","Savannah","Savannah, GA","usa-ga-savannah-city","https://res.cloudinary.com/stae/image/fetch/c_limit,f_png,h_512,w_640/https://i.imgur.com/vNl1Wnn.jpg","https://res.cloudinary.com/stae/image/fetch/c_limit,f_png,h_1024,w_1280/https://i.imgur.com/vNl1Wnn.jpg","https://res.cloudinary.com/stae/image/fetch/c_limit,e_saturation:-100,f_png,h_600,w_1360/https://i.imgur.com/vNl1Wnn.jpg","7210","",""
"nfk-va","2018-11-15T03:53:05.682Z","2019-01-29T20:23:58.052Z","Norfolk","Norfolk, VA","usa-va-norfolk-city","https://res.cloudinary.com/stae/image/fetch/c_limit,f_png,h_512,w_640/https://i.imgur.com/8zS1f4J.jpg","https://res.cloudinary.com/stae/image/fetch/c_limit,f_png,h_1024,w_1280/https://i.imgur.com/8zS1f4J.jpg","https://res.cloudinary.com/stae/image/fetch/c_limit,e_saturation:-100,f_png,h_600,w_1360/https://i.imgur.com/8zS1f4J.jpg","5969","",""
"phx-az","2018-07-26T21:35:01.520Z","2019-01-29T20:23:58.065Z","Phoenix","Phoenix, AZ","usa-az-phoenix-city","https://res.cloudinary.com/stae/image/fetch/c_limit,f_png,h_512,w_640/https://i.imgur.com/8KHZMkd.jpg","https://res.cloudinary.com/stae/image/fetch/c_limit,f_png,h_1024,w_1280/https://i.imgur.com/8KHZMkd.jpg","https://res.cloudinary.com/stae/image/fetch/c_limit,e_saturation:-100,f_png,h_600,w_1360/https://i.imgur.com/8KHZMkd.jpg","37607","",""
"syc-ny","2018-12-07T22:03:13.819Z","2019-01-29T20:24:00.143Z","Syracuse","Syracuse, NY","usa-ny-syracuse-city","https://res.cloudinary.com/stae/image/fetch/c_limit,f_png,h_512,w_640/https://i.imgur.com/GgKPcZa.jpg","https://res.cloudinary.com/stae/image/fetch/c_limit,f_png,h_1024,w_1280/https://i.imgur.com/GgKPcZa.jpg","https://res.cloudinary.com/stae/image/fetch/c_limit,e_saturation:-100,f_png,h_600,w_1360/https://i.imgur.com/GgKPcZa.jpg","3097","",""
"tx","2018-09-13T20:23:45.701Z","2019-01-29T20:23:56.745Z","Texas","State of Texas","usa-tx-texas-state","https://res.cloudinary.com/stae/image/fetch/c_limit,f_png,h_512,w_640/https://flaglane.com/download/texas-flag/texas-flag-large.png","https://res.cloudinary.com/stae/image/fetch/c_limit,f_png,h_1024,w_1280/https://flaglane.com/download/texas-flag/texas-flag-large.png","https://res.cloudinary.com/stae/image/fetch/c_limit,e_saturation:-100,f_png,h_600,w_1360/https://flaglane.com/download/texas-flag/texas-flag-large.png","677930","",""
"wv","2018-11-10T14:43:34.448Z","2019-01-29T20:23:56.932Z","West Virginia","State of West Virginia","usa-wv-west-virginia-state","https://res.cloudinary.com/stae/image/fetch/c_limit,f_png,h_512,w_640/https://flaglane.com/download/west-virginia-flag/west-virginia-flag-large.png","https://res.cloudinary.com/stae/image/fetch/c_limit,f_png,h_1024,w_1280/https://flaglane.com/download/west-virginia-flag/west-virginia-flag-large.png","https://res.cloudinary.com/stae/image/fetch/c_limit,e_saturation:-100,f_png,h_600,w_1360/https://flaglane.com/download/west-virginia-flag/west-virginia-flag-large.png","134851","",""
"sf-ca","2018-07-26T21:35:01.667Z","2019-01-29T20:23:57.596Z","San Francisco","San Francisco, CA","usa-ca-san-francisco-city","https://res.cloudinary.com/stae/image/fetch/c_limit,f_png,h_512,w_640/https://i.imgur.com/IUhjZxu.jpg","https://res.cloudinary.com/stae/image/fetch/c_limit,f_png,h_1024,w_1280/https://i.imgur.com/IUhjZxu.jpg","https://res.cloudinary.com/stae/image/fetch/c_limit,e_saturation:-100,f_png,h_600,w_1360/https://i.imgur.com/IUhjZxu.jpg","6032873","",""
"nhv-ct","2018-11-15T03:53:05.752Z","2019-01-29T20:23:59.654Z","New Haven","New Haven, CT","usa-ct-new-haven-city","https://res.cloudinary.com/stae/image/fetch/c_limit,f_png,h_512,w_640/https://i.imgur.com/pfldZB4.jpg","https://res.cloudinary.com/stae/image/fetch/c_limit,f_png,h_1024,w_1280/https://i.imgur.com/pfldZB4.jpg","https://res.cloudinary.com/stae/image/fetch/c_limit,e_saturation:-100,f_png,h_600,w_1360/https://i.imgur.com/pfldZB4.jpg","30119","",""
"va","2018-11-10T14:43:34.439Z","2019-01-29T20:23:56.918Z","Virginia","State of Virginia","usa-va-virginia-state","https://res.cloudinary.com/stae/image/fetch/c_limit,f_png,h_512,w_640/https://flaglane.com/download/virginia-flag/virginia-flag-large.png","https://res.cloudinary.com/stae/image/fetch/c_limit,f_png,h_1024,w_1280/https://flaglane.com/download/virginia-flag/virginia-flag-large.png","https://res.cloudinary.com/stae/image/fetch/c_limit,e_saturation:-100,f_png,h_600,w_1360/https://flaglane.com/download/virginia-flag/virginia-flag-large.png","236002","",""
